Patient_ID,gene_P2_AR_Amp,gene_P2_RB1_Del,lip_P2_Acylcarnitine_AC(15:0) (a)_high,lip_P2_Acylcarnitine_AC(15:0) (a)_low,lip_P2_Cer_Cer(d19:1/26:0)_high,lip_P2_Cer_Cer(d19:1/26:0)_low,gene_P2_TP53_SNP,lip_P2_Cer_Cer(m18:0/24:0)_low,lip_P2_Cer_Cer(m18:0/24:0)_high,lip_P2_Cer_Cer(d18:2/24:0)_high,lip_P2_Cer_Cer(d18:2/24:0)_low,lip_P2_Acylcarnitine_AC(14:2)_high,lip_P2_Acylcarnitine_AC(14:2)_low,lip_P2_Cer_Cer(d18:1/22:0)_low,lip_P2_Cer_Cer(d18:1/22:0)_high,lip_P2_Cer_Cer(d18:2/24:1)_low,lip_P2_Cer_Cer(d18:2/24:1)_high,lip_P2_Cer_Cer(d18:1/17:0)_low,lip_P2_Cer_Cer(d19:1/22:0)_low,lip_P2_Cer_Cer(d16:1/24:0)_low,lip_P2_Cer_Cer(d18:1/17:0)_high,lip_P2_Cer_Cer(d19:1/22:0)_high,lip_P2_Cer_Cer(d16:1/24:0)_high,lip_P2_Cer_Cer(d18:1/24:0)_low,lip_P2_Cer_Cer(m18:1/24:0)_high,lip_P2_Cer_Cer(d18:1/24:0)_high,lip_P2_Cer_Cer(m18:1/24:0)_low,lip_P2_Cer_Cer(m18:1/24:1)_low,lip_P2_Cer_Cer(m18:1/24:1)_high,lip_P2_Cer_Cer(d16:1/20:0)_high,lip_P2_Cer_Cer(d16:1/20:0)_low,lip_P2_Cer_Cer(d19:1/24:0)_low,lip_P2_Acylcarnitine_AC(13:0)_low,lip_P2_Acylcarnitine_AC(17:0) (a)_low,lip_P2_Cer_Cer(d16:1/24:1)_high,lip_P2_Cer_Cer(d19:1/24:0)_high,lip_P2_Acylcarnitine_AC(13:0)_high,lip_P2_Acylcarnitine_AC(17:0) (a)_high,lip_P2_Cer_Cer(d16:1/24:1)_low,lip_P2_Cer_Cer(d17:1/24:1)_high,lip_P2_Cer_Cer(d18:1/20:0)_high,lip_P2_Cer_Cer(d18:1/24:1)_high,lip_P2_Cer_Cer(d17:1/24:1)_low,lip_P2_Cer_Cer(d18:1/14:0)_high,lip_P2_Cer_Cer(d18:1/20:0)_low,lip_P2_Cer_Cer(d18:1/24:1)_low,lip_P2_Cer_Cer(d18:1/14:0)_low,lip_P2_Cer_Cer(d20:1/23:0)_high,lip_P2_Cer_Cer(d20:1/23:0)_low,lip_P2_Acylcarnitine_AC(15:0) (b)_high,lip_P2_Cer_Cer(d18:1/26:0)_low,lip_P2_Acylcarnitine_AC(15:0) (b)_low,lip_P2_Cer_Cer(d18:1/26:0)_high,lip_P2_Acylcarnitine_AC(14:1)_low,lip_P2_Cer_Cer(m18:0/22:0)_low,lip_P2_Cer_Cer(d18:1/23:0)_high,lip_P2_Acylcarnitine_AC(14:1)_high,lip_P2_Cer_Cer(m18:0/22:0)_high,lip_P2_Cer_Cer(d18:1/23:0)_low,lip_P2_Cer_Cer(d18:2/21:0)_low,lip_P2_Cer_Cer(d20:1/24:0)_low,lip_P2_Cer_Cer(d18:1/18:0)_low,lip_P2_Cer_Cer(d17:1/23:0)_high,lip_P2_Cer_Cer(d18:2/21:0)_high,lip_P2_Cer_Cer(d20:1/24:0)_high,lip_P2_Cer_Cer(d18:1/18:0)_high,lip_P2_Cer_Cer(d17:1/23:0)_low,lip_P2_Cer_Cer(m18:1/23:0)_high,lip_P2_Cer_Cer(d20:1/26:0)_low,lip_P2_Cer_Cer(d18:2/22:0)_low,lip_P2_Cer_Cer(m18:1/23:0)_low,lip_P2_Cer_Cer(d17:1/16:0)_high,lip_P2_Cer_Cer(d20:1/26:0)_high,lip_P2_Cer_Cer(d16:1/22:0)_high,lip_P2_Cer_Cer(d18:2/22:0)_high,lip_P2_Acylcarnitine_AC(16:0)_low,lip_P2_Cer_Cer(m18:1/20:0)_high,lip_P2_Cer_Cer(d17:1/16:0)_low,lip_P2_Cer_Cer(d18:2/26:0)_high
1001,0,0,0,1,1,0,0,0,1,1,0,1,0,0,1,1,0,0,0,1,1,1,0,0,1,1,0,0,1,1,0,0,1,0,0,1,0,1,1,0,1,1,1,0,0,0,1,1,0,1,0,0,1,0,0,1,1,1,0,0,0,0,0,1,1,1,1,1,0,1,0,1,1,0,0,0,1,0,1
1010,1,0,1,0,1,0,1,1,0,0,1,1,0,1,0,1,0,0,1,1,1,0,0,1,0,0,1,1,0,0,1,0,0,0,0,1,1,1,1,0,1,1,1,1,0,0,0,0,1,1,1,0,0,0,1,0,1,0,1,0,1,0,0,1,0,1,1,0,1,1,1,1,0,0,0,0,0,0,0
1019,0,0,0,1,1,0,0,1,0,1,0,0,1,1,0,1,0,0,1,0,1,0,1,1,0,0,1,1,0,0,1,1,1,1,0,0,0,0,1,0,0,0,1,0,1,1,1,1,0,0,0,1,1,1,1,1,0,0,0,1,1,1,1,0,0,0,0,0,0,1,1,0,1,0,0,1,0,1,0
1046,0,1,0,1,0,1,1,0,1,1,0,1,0,0,1,0,1,0,1,0,1,0,1,0,1,1,0,0,1,1,0,1,0,1,1,0,1,0,0,1,1,1,0,1,0,0,0,1,0,1,0,0,1,0,0,1,1,1,0,0,0,0,1,1,1,1,0,1,0,0,0,1,1,1,1,0,1,0,1
1011,0,0,0,1,1,0,1,1,0,0,1,0,1,1,0,1,0,1,1,0,0,0,1,1,0,0,1,1,0,1,0,0,1,1,1,1,0,0,0,0,0,0,1,1,1,1,0,1,0,0,1,1,0,1,1,0,0,0,1,1,0,1,1,0,1,0,0,0,1,1,1,0,0,1,0,1,0,1,0
1065,0,0,1,0,0,1,0,1,0,0,1,0,1,1,0,1,0,1,1,1,0,0,0,1,0,0,1,1,0,0,1,1,0,1,0,0,1,0,1,0,0,0,1,1,1,1,0,0,1,0,1,1,0,1,1,0,0,0,1,1,1,1,0,0,0,0,1,0,0,1,1,0,1,0,0,1,0,1,0
1075,1,0,0,1,0,1,1,1,0,0,1,1,0,1,0,1,0,1,1,1,0,0,0,1,0,0,1,1,0,0,1,1,1,1,0,0,0,0,1,0,0,0,1,0,1,1,1,0,1,0,1,1,0,1,1,0,0,0,1,1,1,1,0,0,0,0,1,0,1,1,1,0,0,0,0,1,0,1,0
1003,0,0,1,0,1,0,0,1,0,0,1,0,1,1,0,1,0,1,1,1,0,0,0,1,0,0,1,1,0,0,1,0,1,1,0,1,0,0,1,0,0,0,1,0,1,1,1,0,1,0,1,1,0,1,1,0,0,0,1,1,1,1,0,0,0,0,1,1,0,1,0,0,1,0,0,1,1,1,0
1012,0,0,0,1,1,0,1,0,1,1,0,1,0,0,1,0,1,1,0,0,0,1,1,0,1,1,0,1,0,0,1,0,1,1,1,1,0,0,0,1,1,1,0,0,0,0,1,1,0,0,0,1,1,0,0,1,1,1,0,0,0,1,1,1,1,0,0,1,0,0,0,1,1,1,1,1,0,0,1
1057,0,0,0,1,1,0,0,1,0,0,1,0,1,1,0,0,1,1,0,0,0,1,1,1,0,0,1,1,0,1,0,0,1,0,1,1,0,1,0,1,0,0,0,1,1,1,0,0,1,0,1,1,0,1,1,0,0,0,1,0,1,1,1,1,0,0,0,0,1,0,1,1,0,1,1,1,0,0,0
1004,0,0,0,1,1,0,0,0,1,1,0,0,1,0,1,0,1,1,0,0,0,1,1,1,1,0,0,0,1,1,0,0,1,1,1,1,0,0,0,0,1,1,1,1,0,0,0,0,1,0,1,1,0,1,0,1,0,1,0,0,0,0,1,1,1,1,0,1,1,0,0,1,0,1,1,0,1,0,0
1005,0,0,0,1,1,0,1,1,0,0,1,1,0,0,1,0,1,1,1,1,0,0,0,1,0,0,1,1,0,0,1,0,1,0,0,1,0,1,1,1,0,0,0,0,1,1,1,0,1,1,1,0,0,0,1,0,1,0,1,1,1,1,0,0,0,0,1,0,1,0,1,0,0,1,1,0,1,1,0
1014,0,0,1,0,1,0,0,0,1,1,0,1,0,0,1,0,1,1,0,0,0,1,1,0,1,1,0,0,1,1,0,0,0,0,1,1,1,1,0,1,1,1,0,0,0,0,1,1,0,1,0,0,1,0,0,1,1,1,0,1,0,0,1,0,1,1,0,1,1,0,0,1,0,1,1,0,1,0,1
1041,0,0,0,1,0,1,0,1,0,0,1,0,1,1,0,0,1,1,1,0,0,0,1,1,0,0,1,1,0,0,1,0,1,1,0,1,0,0,1,1,0,0,0,1,1,1,0,0,1,0,1,1,0,1,1,1,0,0,0,0,1,1,1,1,0,0,0,0,0,1,1,0,1,1,0,1,0,1,0
1068,1,0,0,1,0,1,1,0,1,1,0,0,1,0,1,0,1,1,1,0,0,0,1,0,1,1,0,0,1,1,0,1,1,1,1,0,0,0,0,1,1,1,0,1,0,0,0,1,0,0,0,1,1,1,0,1,0,1,0,0,0,0,1,1,1,1,0,1,0,0,0,1,1,1,1,1,1,0,0
1006,1,1,1,0,1,0,1,0,1,0,1,1,0,1,0,1,0,1,0,1,0,1,0,1,1,0,0,0,1,0,1,0,0,1,1,1,1,0,0,1,0,0,0,1,1,1,0,0,1,1,1,0,0,0,0,0,1,1,1,1,1,1,1,0,0,0,0,1,1,1,0,0,0,1,0,1,1,1,0
1051,0,0,1,0,0,1,0,1,0,1,0,0,1,0,1,0,1,1,1,1,0,0,0,1,0,0,1,1,0,0,1,1,1,1,0,0,0,0,1,0,1,0,1,1,0,1,0,0,1,1,1,0,0,1,1,1,0,0,0,0,1,1,0,1,0,0,1,0,0,1,1,0,1,0,0,1,0,1,0
1060,1,1,1,0,0,1,0,1,0,0,1,1,0,1,0,1,0,1,0,1,0,1,0,1,0,0,1,1,0,1,0,1,0,1,0,0,1,0,1,0,1,1,1,0,0,0,1,0,1,1,1,0,0,0,1,0,1,0,1,1,0,0,0,0,1,1,1,0,1,1,1,0,0,1,0,1,0,1,0
1069,0,0,1,0,0,1,0,0,1,0,1,0,1,1,0,1,0,1,1,1,0,0,0,0,0,1,1,1,0,0,1,1,0,1,0,0,1,0,1,0,0,0,1,1,1,1,0,1,0,0,0,1,1,1,0,1,0,1,0,1,0,1,1,0,1,0,0,0,1,1,1,0,0,0,0,1,0,1,0
1079,0,0,0,1,1,0,0,0,1,1,0,0,1,0,1,0,1,1,1,0,0,0,1,0,1,1,0,0,1,0,1,0,1,1,1,1,0,0,0,1,0,1,0,0,1,0,1,0,1,0,0,1,1,1,0,1,0,1,0,1,0,1,1,0,1,0,0,1,0,0,0,1,1,1,1,1,1,0,1
1007,1,0,1,0,1,0,1,0,1,0,1,0,1,1,0,1,0,1,0,1,0,1,0,1,1,0,0,0,1,0,1,0,0,1,0,1,1,0,1,0,0,0,1,0,1,1,1,1,0,1,1,0,0,0,0,0,1,1,1,1,0,1,0,0,1,0,1,1,1,1,0,0,0,0,0,0,1,1,1
1034,1,1,1,0,1,0,1,1,0,0,1,1,0,1,0,1,0,1,1,1,0,0,0,1,0,0,1,1,0,0,1,0,0,0,0,1,1,1,1,0,0,0,1,0,1,1,1,0,1,1,1,0,0,0,1,0,1,0,1,1,1,1,0,0,0,0,1,0,1,1,1,0,0,0,0,0,0,1,0
1043,1,0,0,1,1,0,0,0,1,0,1,1,0,0,1,1,0,1,0,1,0,1,0,0,0,1,1,1,0,0,1,0,1,1,0,1,0,0,1,0,0,0,1,0,1,1,1,1,0,1,0,0,1,1,0,1,0,1,0,1,0,1,0,0,1,0,1,0,0,1,1,1,1,0,0,1,0,0,0
1017,0,0,0,1,0,1,1,0,1,0,1,0,1,1,0,1,0,1,1,1,0,0,0,1,1,0,0,0,1,0,1,1,1,1,0,0,0,0,1,0,0,0,1,0,1,1,1,0,1,0,1,1,0,1,0,0,0,1,1,1,1,1,0,0,0,0,1,1,1,1,0,0,0,0,0,1,1,1,0
1035,0,0,1,0,1,0,0,0,1,1,0,1,0,0,1,0,1,1,0,0,0,1,1,1,0,0,1,1,0,1,0,0,1,0,1,1,0,1,0,1,1,0,0,1,0,1,0,1,0,1,0,0,1,0,0,1,1,1,0,0,0,0,1,1,1,1,0,1,0,0,0,1,1,1,1,0,1,0,0
1071,0,0,1,0,0,1,1,0,1,1,0,0,1,1,0,1,0,1,1,0,0,0,1,0,1,1,0,1,0,0,1,1,0,1,0,0,1,0,1,0,0,0,1,0,1,1,1,1,0,0,1,1,0,1,0,0,0,1,1,0,0,1,0,1,1,0,1,1,1,0,0,0,0,0,1,0,1,1,1
1081,0,0,0,1,1,0,0,0,1,1,0,0,1,0,1,0,1,1,0,0,0,1,1,0,1,1,0,0,1,1,0,0,1,1,1,1,0,0,0,1,0,0,0,1,1,1,0,1,0,0,0,1,1,1,0,1,0,1,0,0,0,1,1,1,1,0,0,1,1,0,0,1,0,1,1,1,1,0,1
1018,0,0,1,0,1,0,0,0,1,1,0,0,1,0,1,0,1,0,0,0,1,1,1,1,1,0,0,0,1,1,0,0,1,0,1,1,0,1,0,1,0,1,0,1,1,0,0,0,1,1,0,0,1,1,0,1,0,1,0,0,0,1,1,1,1,0,0,1,0,0,0,1,1,1,1,0,1,0,0
1036,0,0,1,0,1,0,0,0,1,0,1,0,1,1,0,1,0,0,1,1,1,0,0,1,0,0,1,0,1,0,1,0,0,0,0,1,1,1,1,0,1,0,1,1,0,1,0,0,1,1,0,0,1,1,0,0,0,1,1,0,1,1,0,1,0,0,1,1,1,1,0,0,0,0,0,0,1,1,0
1063,0,0,1,0,1,0,0,0,1,1,0,1,0,0,1,1,0,1,1,0,0,0,1,0,1,1,0,1,0,0,1,0,0,0,0,1,1,1,1,0,0,0,1,0,1,1,1,0,1,1,1,0,0,0,0,0,1,1,1,0,1,1,0,1,0,0,1,0,0,0,1,0,1,1,1,1,0,1,1
1119,0,0,1,0,1,0,1,1,0,0,1,1,0,1,0,1,0,1,1,1,0,0,0,1,0,0,1,1,0,0,1,1,0,1,0,0,1,0,1,0,0,1,1,0,1,0,1,0,1,1,1,0,0,0,1,0,1,0,1,1,1,0,0,0,0,1,1,0,1,1,1,0,0,0,0,0,0,1,0
1128,0,0,0,1,0,1,0,0,1,1,0,0,1,0,1,1,0,0,1,0,1,0,1,0,1,1,0,0,1,0,1,1,1,1,0,0,0,0,1,0,0,1,1,1,1,0,0,0,1,0,0,1,1,1,0,1,0,1,0,1,1,1,0,0,0,0,1,1,1,0,0,1,0,1,1,1,1,0,1
1093,0,0,0,1,1,0,0,0,1,1,0,0,1,0,1,0,1,0,0,0,1,1,1,0,1,1,0,0,1,1,0,0,1,1,1,1,0,0,0,1,1,1,0,1,0,0,0,1,0,1,0,0,1,1,0,1,0,1,0,0,0,0,1,1,1,1,0,1,0,0,0,1,1,1,1,1,1,0,1
1147,0,0,0,1,0,1,0,0,1,0,1,1,0,0,1,0,1,0,1,1,1,0,0,0,1,1,0,0,1,1,0,1,1,1,1,0,0,0,0,1,1,1,0,0,0,0,1,1,0,0,0,1,1,0,0,1,1,1,0,0,0,0,0,1,1,1,1,1,0,0,0,0,1,1,1,0,1,1,0
1156,0,0,0,1,0,1,0,1,0,1,0,0,1,0,1,1,0,0,0,0,1,1,1,0,0,1,1,1,0,1,0,0,0,1,1,1,1,0,0,1,1,0,0,1,0,1,0,1,0,0,1,1,0,1,1,1,0,0,0,1,0,0,1,0,1,1,0,0,1,1,1,1,0,1,0,1,0,0,1
1148,0,0,1,0,1,0,1,0,1,0,1,1,0,1,0,1,0,1,0,1,0,1,0,1,1,0,0,0,1,0,1,1,0,1,0,0,1,0,1,0,1,1,1,0,0,0,1,1,0,1,1,0,0,0,0,0,1,1,1,0,0,0,0,1,1,1,1,1,0,1,0,0,1,0,0,0,1,1,0
1131,0,0,0,1,1,0,0,1,0,0,1,0,1,1,0,1,0,1,1,1,0,0,0,1,0,0,1,1,0,0,1,1,1,1,0,0,0,0,1,0,0,0,1,0,1,1,1,0,1,0,1,1,0,1,1,0,0,0,1,1,1,1,0,0,0,0,1,0,1,1,1,0,0,0,0,1,0,1,0
1140,0,0,0,1,0,1,0,0,1,0,1,0,1,1,0,1,0,0,1,1,1,0,0,1,1,0,0,0,1,0,1,1,1,1,0,0,0,0,1,0,0,0,1,0,1,1,1,1,0,0,1,1,0,1,0,1,0,1,0,1,1,1,0,0,0,0,1,1,1,1,0,1,0,0,0,1,1,0,0
1123,0,0,1,0,0,1,0,1,0,1,0,0,1,1,0,0,1,0,1,0,1,0,1,1,0,0,1,1,0,1,0,1,1,1,1,0,0,0,0,1,0,0,0,1,1,1,0,0,1,0,1,1,0,1,1,0,0,0,1,0,1,1,1,1,0,0,0,1,1,0,0,1,0,1,1,1,0,0,1
1141,0,0,0,1,0,1,1,1,0,0,1,1,0,1,0,0,1,0,1,1,1,0,0,1,0,0,1,1,0,0,1,1,0,1,0,0,1,0,1,0,0,1,1,0,1,0,1,0,1,0,1,1,0,0,1,0,1,0,1,1,1,1,0,0,0,0,1,0,1,1,1,1,0,0,0,0,0,0,0
1097,0,1,0,1,0,1,0,1,0,0,1,1,0,1,0,0,1,0,1,1,1,0,0,1,0,0,1,1,0,0,1,1,1,1,1,0,0,0,0,0,0,1,1,0,1,0,1,0,1,0,1,1,0,0,1,0,1,0,1,0,1,1,0,1,0,0,1,0,1,1,1,0,0,0,0,1,0,1,0
1115,0,0,0,1,1,0,0,1,0,0,1,0,1,1,0,1,0,0,0,1,1,1,0,0,0,1,1,1,0,0,1,0,1,1,0,1,0,0,1,0,0,0,1,0,1,1,1,1,0,0,0,1,1,1,1,0,0,0,1,1,1,1,0,0,0,0,1,0,0,1,1,0,1,0,0,1,0,1,1
1133,0,0,1,0,0,1,0,1,0,0,1,0,1,1,0,1,0,1,0,1,0,1,0,1,0,0,1,0,1,0,1,1,1,1,1,0,0,0,0,0,0,0,1,0,1,1,1,1,0,0,1,1,0,1,1,1,0,0,0,1,0,0,0,0,1,1,1,1,1,1,0,0,0,0,0,1,1,1,0
1151,0,0,0,1,0,1,0,0,1,1,0,1,0,0,1,0,1,1,0,0,0,1,1,0,1,1,0,0,1,1,0,0,0,1,1,1,1,0,0,1,1,1,0,1,0,0,0,1,0,1,1,0,0,0,0,1,1,1,0,0,0,0,1,1,1,1,0,1,0,0,0,1,1,1,1,1,1,0,0
1107,0,0,0,1,1,0,0,0,1,1,0,1,0,0,1,1,0,1,1,0,0,0,1,0,1,1,0,0,1,0,1,1,0,1,1,0,1,0,0,1,0,0,0,0,1,1,1,1,0,0,1,1,0,1,0,1,0,1,0,0,0,1,1,1,1,0,0,1,1,1,0,0,0,1,0,1,1,1,0
1116,0,0,0,1,0,1,1,1,0,0,1,1,0,1,0,1,0,1,1,1,0,0,0,1,0,0,1,1,0,0,1,1,1,1,0,0,0,0,1,0,0,0,1,0,1,1,1,0,1,1,1,0,0,0,1,0,1,0,1,1,1,1,0,0,0,0,1,0,1,1,1,0,0,0,0,0,0,1,0
1152,0,0,1,0,0,1,1,0,1,1,0,0,1,0,1,1,0,1,1,0,0,0,1,0,1,1,0,0,1,0,1,1,0,1,1,0,1,0,0,0,1,1,1,0,0,0,1,1,0,0,1,1,0,1,0,1,0,1,0,1,0,0,1,0,1,1,0,1,0,0,0,0,1,1,1,0,1,1,0
1090,0,0,1,0,1,0,0,0,1,1,0,0,1,1,0,0,1,1,0,0,0,1,1,1,1,0,0,0,1,1,0,0,0,0,1,1,1,1,0,1,1,1,0,1,0,0,0,0,1,1,1,0,0,0,0,1,1,1,0,0,1,0,1,1,0,1,0,1,1,0,0,1,0,1,1,0,1,0,1
1099,0,0,0,1,0,1,1,0,1,0,1,1,0,0,1,0,1,1,0,0,0,1,1,0,1,1,0,0,1,1,0,0,1,0,1,1,0,1,0,1,1,1,0,1,0,0,0,0,1,1,1,0,0,0,0,1,1,1,0,0,1,0,1,1,0,1,0,1,1,0,0,1,0,1,1,0,1,0,0
1135,0,0,0,1,0,1,0,1,0,0,1,0,1,1,0,1,0,1,1,1,0,0,0,1,0,0,1,1,0,0,1,1,0,1,0,0,1,0,1,0,0,0,1,0,1,1,1,0,1,0,1,1,0,1,1,0,0,0,1,1,1,1,0,0,0,0,1,0,1,1,1,0,0,0,0,1,0,1,0
1091,0,0,0,1,1,0,0,1,0,0,1,0,1,1,0,1,0,1,1,1,0,0,0,1,0,0,1,1,0,0,1,1,1,1,0,0,0,0,1,0,0,0,1,1,1,1,0,0,1,0,1,1,0,1,1,0,0,0,1,1,1,1,0,0,0,0,1,0,0,1,1,0,1,0,0,1,0,1,0
1109,0,0,0,1,0,1,1,1,0,0,1,1,0,1,0,1,0,1,1,1,0,0,0,1,0,0,1,1,0,1,0,1,1,1,0,0,0,0,1,0,1,0,1,0,0,1,1,0,1,0,1,1,0,0,1,0,1,0,1,1,0,0,0,0,1,1,1,0,1,1,1,0,0,0,0,0,0,1,0
1118,0,1,1,0,1,0,1,1,0,0,1,1,0,0,1,0,1,1,0,1,0,1,0,1,0,0,1,1,0,1,0,0,0,0,1,1,1,1,0,1,1,1,0,0,0,0,1,1,0,1,0,0,1,0,1,0,1,0,1,0,0,0,0,1,1,1,1,0,1,1,1,1,0,0,0,0,0,0,1
1227,0,0,0,1,0,1,0,1,0,0,1,1,0,0,1,1,0,0,0,1,1,1,0,1,0,0,1,1,0,1,0,1,1,1,0,0,0,0,1,0,1,1,1,0,0,0,1,1,0,0,1,1,0,0,0,1,1,1,0,0,1,0,0,1,0,1,1,0,1,1,1,1,0,0,0,1,1,0,0
1174,0,0,1,0,0,1,0,1,0,0,1,1,0,1,0,1,0,1,1,1,0,0,0,1,1,0,0,0,1,0,1,1,0,1,0,0,1,0,1,0,0,0,1,0,1,1,1,0,1,0,1,1,0,0,1,0,1,0,1,1,1,1,0,0,0,0,1,1,0,1,0,0,1,0,0,0,1,1,0
1201,0,0,0,1,1,0,1,0,1,1,0,1,0,0,1,0,1,1,1,0,0,0,1,0,1,1,0,1,0,0,1,1,1,1,0,0,0,0,1,0,1,1,1,1,0,0,0,0,1,0,0,1,1,1,1,0,0,0,1,1,1,1,0,0,0,0,1,0,0,0,1,1,1,1,1,0,0,0,1
1228,0,0,0,1,1,0,0,1,0,0,1,0,1,1,0,1,0,1,1,1,0,0,0,1,1,0,0,1,0,0,1,1,1,1,0,0,0,0,1,0,0,0,1,0,1,1,1,0,1,0,1,1,0,1,0,0,0,1,1,1,1,1,0,0,0,0,1,0,0,1,1,0,1,0,0,1,0,1,0
1193,0,0,0,1,0,1,1,0,1,0,1,1,0,1,0,1,0,0,1,1,1,0,0,1,1,0,0,0,1,0,1,1,1,1,0,0,0,0,1,0,0,0,1,0,1,1,1,0,1,0,1,1,0,0,0,0,1,1,1,1,1,0,0,0,0,1,1,0,0,1,1,0,1,0,0,0,1,1,0
1238,0,0,1,0,1,0,1,1,0,1,0,1,0,0,1,0,1,0,0,1,1,1,0,0,0,1,1,1,0,1,0,0,0,0,1,1,1,1,0,1,1,1,0,1,0,0,0,1,0,1,0,0,1,0,1,1,1,0,0,0,0,0,1,1,1,1,0,0,1,0,1,1,0,0,1,0,0,0,1
1167,0,0,1,0,0,1,0,1,0,0,1,1,0,1,0,0,1,1,0,0,0,1,1,1,1,0,0,0,1,1,0,0,0,0,1,1,1,1,0,1,1,1,0,0,0,0,1,1,0,1,1,0,0,0,0,1,1,1,0,1,0,0,1,0,1,1,0,1,1,0,0,1,0,1,1,0,1,0,0
1194,0,0,0,1,0,1,0,1,0,0,1,0,1,1,0,1,0,0,1,0,1,0,1,1,1,0,0,0,1,1,0,1,0,1,1,0,1,0,0,1,0,0,0,0,1,1,1,0,1,0,1,1,0,1,1,0,0,0,1,0,1,1,1,1,0,0,0,1,1,1,0,1,0,1,0,1,1,0,0
1203,0,0,0,1,0,1,1,1,0,1,0,1,0,1,0,1,0,1,1,1,0,0,0,1,0,0,1,1,0,0,1,0,1,0,0,1,0,1,1,0,0,0,1,1,1,1,0,0,1,1,1,0,0,0,1,0,1,0,1,1,1,1,0,0,0,0,1,0,0,1,1,0,1,0,0,0,0,1,1
1221,1,1,0,1,1,0,1,0,1,1,0,1,0,0,1,0,1,0,0,0,1,1,1,0,1,1,0,0,1,1,0,0,1,1,1,1,0,0,0,1,1,1,0,1,0,0,0,1,0,0,0,1,1,0,0,1,1,1,0,0,0,0,1,1,1,1,0,1,1,0,0,1,0,1,1,1,0,0,1
1230,1,1,1,0,1,0,0,0,1,1,0,0,1,1,0,1,0,0,1,0,1,0,1,0,1,1,0,0,1,0,1,1,0,1,1,0,1,0,0,0,0,0,1,0,1,1,1,0,1,0,0,1,1,1,0,0,0,1,1,1,1,1,0,0,0,0,1,1,0,1,0,0,1,1,0,1,1,1,1
1195,0,0,0,1,0,1,0,1,0,0,1,0,1,1,0,1,0,1,1,1,0,0,0,1,1,0,0,0,1,1,0,1,1,0,0,0,0,1,1,0,0,0,1,0,1,1,1,0,1,1,1,0,0,1,0,0,0,1,1,1,1,1,0,0,0,0,1,1,0,1,0,0,1,0,0,0,1,1,0
1204,0,0,0,1,0,1,0,1,0,0,1,1,0,1,0,1,0,1,1,1,0,0,0,1,0,0,1,1,0,0,1,1,0,1,0,0,1,0,1,0,0,0,1,0,1,1,1,0,1,0,1,1,0,0,1,0,1,0,1,0,1,1,0,1,0,0,1,0,1,1,1,0,0,0,0,1,0,1,0
1205,0,0,1,0,0,1,0,1,0,0,1,1,0,1,0,0,1,1,1,0,0,0,1,1,0,0,1,1,0,1,0,1,0,0,1,0,1,1,0,1,0,0,0,0,1,1,1,0,1,1,1,0,0,0,1,0,1,0,1,0,1,1,1,1,0,0,0,0,1,1,1,0,0,1,0,0,0,1,0
1223,0,0,0,1,1,0,0,0,1,1,0,0,1,0,1,0,1,0,0,0,1,1,1,0,1,1,0,0,1,1,0,1,1,1,1,0,0,0,0,1,1,1,0,1,0,0,0,1,0,0,0,1,1,1,0,1,0,1,0,0,0,0,1,1,1,1,0,1,1,0,0,1,0,1,1,0,1,0,1
1188,1,0,0,1,1,0,0,1,0,0,1,1,0,1,0,1,0,1,1,1,0,0,0,1,0,0,1,0,1,1,0,0,1,1,0,1,0,0,1,0,0,0,1,0,1,1,1,0,1,0,1,1,0,0,1,0,1,0,1,1,0,0,0,0,1,1,1,0,1,1,1,1,0,0,0,1,0,0,0
1215,0,0,1,0,0,1,0,1,0,0,1,1,0,1,0,1,0,1,1,1,0,0,0,1,1,0,0,0,1,0,1,1,0,0,0,0,1,1,1,0,0,0,1,0,1,1,1,0,1,1,1,0,0,0,1,0,1,0,1,1,1,1,0,0,0,0,1,1,1,0,0,1,0,0,1,0,1,0,1
1171,0,0,0,1,1,0,0,1,0,0,1,1,0,1,0,1,0,1,0,1,0,1,0,1,0,0,1,1,0,0,1,0,0,1,0,1,1,0,1,0,0,0,1,1,1,1,0,0,1,0,1,1,0,0,1,0,1,0,1,0,1,1,0,1,0,0,1,0,1,0,1,0,0,0,1,1,0,1,0
1180,0,0,0,1,0,1,0,1,0,0,1,0,1,1,0,1,0,1,1,1,0,0,0,1,1,0,0,0,1,1,0,1,0,1,0,0,1,0,1,0,0,0,1,0,1,1,1,1,0,0,1,1,0,1,0,1,0,1,0,0,1,1,0,1,0,0,1,1,1,1,0,0,0,1,0,1,1,1,0
1172,1,0,1,0,1,0,0,1,0,1,0,0,1,0,1,0,1,1,0,0,0,1,1,0,0,1,1,1,0,1,0,0,1,1,1,1,0,0,0,1,1,1,0,1,0,0,0,1,0,0,0,1,1,1,1,1,0,0,0,0,1,0,1,1,0,1,0,0,1,0,1,1,0,1,1,1,0,0,1
1226,0,0,0,1,0,1,0,1,0,1,0,0,1,1,0,0,1,1,1,1,0,0,0,0,0,1,1,1,0,0,1,1,1,1,0,0,0,0,1,0,0,0,1,0,1,1,1,1,0,0,0,1,1,1,1,0,0,0,1,0,0,1,0,1,1,0,1,0,0,0,1,0,1,0,1,1,0,1,1
1290,0,0,1,0,1,0,1,0,1,0,1,1,0,1,0,1,0,1,1,1,0,0,0,1,1,0,0,0,1,0,1,0,0,0,0,1,1,1,1,0,0,0,1,1,1,1,0,0,1,1,0,0,1,0,0,0,1,1,1,1,0,1,0,0,1,0,1,1,1,1,0,0,0,0,0,0,1,1,1
1300,0,0,1,0,1,0,0,0,1,1,0,1,0,0,1,0,1,0,1,0,1,0,1,0,1,1,0,0,1,1,0,1,0,1,1,0,1,0,0,1,1,1,0,0,0,0,1,1,0,0,0,1,1,0,0,1,1,1,0,1,0,0,1,0,1,1,0,1,1,0,0,0,0,1,1,0,1,1,1
1318,0,1,0,1,1,0,1,1,0,0,1,0,1,1,0,1,0,1,1,1,0,0,0,1,0,0,1,1,0,0,1,1,1,1,0,0,0,0,1,0,0,0,1,0,1,1,1,0,1,0,1,1,0,1,1,0,0,0,1,1,0,1,0,0,1,0,1,0,1,1,1,0,0,0,0,1,0,1,0
1247,0,0,0,1,1,0,0,1,0,0,1,0,1,1,0,1,0,0,0,1,1,1,0,0,1,1,0,1,0,0,1,0,1,0,0,1,0,1,1,0,0,0,1,0,1,1,1,0,1,1,1,0,0,0,1,0,1,0,1,1,0,1,0,0,1,0,1,0,1,1,1,1,0,0,0,0,0,0,1
1256,0,0,0,1,0,1,0,0,1,1,0,0,1,0,1,0,1,1,1,0,0,0,1,0,1,1,0,0,1,1,0,1,1,1,1,0,0,0,0,1,0,0,0,0,1,1,1,1,0,0,1,1,0,1,0,1,0,1,0,1,0,1,1,0,1,0,0,1,0,0,0,0,1,1,1,1,1,1,0
1293,0,0,1,0,1,0,0,0,1,0,1,1,0,0,1,0,1,0,0,0,1,1,1,0,1,1,0,0,1,1,0,0,0,0,1,1,1,1,0,1,1,1,0,1,0,0,0,1,0,1,0,0,1,0,0,1,1,1,0,0,0,0,1,1,1,1,0,1,0,0,0,1,1,1,1,0,1,0,1
1250,0,0,1,0,0,1,0,0,1,1,0,1,0,1,0,1,0,0,0,0,1,1,1,0,1,1,0,0,1,1,0,0,1,1,1,1,0,0,0,0,0,0,1,0,1,1,1,1,0,0,0,1,1,0,0,1,1,1,0,1,0,1,1,0,1,0,0,1,1,1,0,0,0,1,0,0,1,1,1
1287,0,0,1,0,1,0,1,0,1,1,0,0,1,0,1,0,1,0,0,0,1,1,1,0,1,1,0,0,1,1,0,0,0,0,1,1,1,1,0,1,1,1,0,1,0,0,0,1,0,1,0,0,1,0,0,1,1,1,0,0,0,0,1,1,1,1,0,1,0,0,0,1,1,1,1,0,1,0,1
1261,1,0,0,1,0,1,1,1,0,0,1,0,1,0,1,0,1,1,1,1,0,0,0,0,0,1,1,0,1,0,1,1,1,1,0,0,0,0,1,1,1,1,0,1,0,0,0,0,1,0,1,1,0,1,1,1,0,0,0,1,1,0,1,0,0,1,0,1,1,1,0,1,0,0,0,0,1,0,1
1270,0,0,0,1,0,1,0,0,1,1,0,0,1,0,1,1,0,1,1,0,0,0,1,1,1,0,0,1,0,1,0,1,1,1,1,0,0,0,0,1,0,0,0,0,1,1,1,0,1,1,1,0,0,1,0,1,0,1,0,1,1,1,1,0,0,0,0,1,1,0,0,0,0,1,1,1,1,1,1
1279,0,0,0,1,1,0,0,1,0,0,1,0,1,1,0,1,0,1,1,1,0,0,0,1,0,0,1,1,0,0,1,1,0,1,0,0,1,0,1,0,0,0,1,1,1,1,0,0,1,0,1,1,0,1,1,0,0,0,1,1,0,1,0,0,1,0,1,1,0,1,0,1,1,0,0,1,0,0,0
1324,0,0,0,1,0,1,1,1,0,0,1,0,1,1,0,1,0,1,1,1,0,0,0,1,0,0,1,1,0,0,1,1,1,1,1,0,0,0,0,0,0,0,1,0,1,1,1,0,1,0,1,1,0,1,1,0,0,0,1,0,1,1,0,1,0,0,1,0,1,1,1,0,0,0,0,1,0,1,1
1262,0,0,0,1,1,0,1,1,0,0,1,0,1,1,0,1,0,1,1,1,0,0,0,1,0,0,1,1,0,0,1,1,1,1,0,0,0,0,1,0,0,0,1,0,1,1,1,0,1,0,0,1,1,1,1,0,0,0,1,1,1,1,0,0,0,0,1,0,0,0,1,0,1,0,1,1,0,1,1
1271,0,0,0,1,0,1,1,0,1,1,0,0,1,0,1,0,1,1,0,0,0,1,1,0,1,1,0,0,1,1,0,0,1,1,1,1,0,0,0,1,1,0,0,0,0,1,1,1,0,0,1,1,0,1,0,1,0,1,0,0,1,0,1,1,0,1,0,1,1,0,0,1,0,1,1,1,1,0,0
1307,0,0,0,1,0,1,1,1,0,1,0,1,0,0,1,0,1,1,0,0,0,1,1,1,1,0,0,0,1,1,0,1,0,1,1,0,1,0,0,1,1,0,0,0,0,1,1,1,0,0,1,1,0,0,0,1,1,1,0,0,0,0,1,1,1,1,0,1,0,0,0,1,1,1,1,0,1,0,0
1316,0,0,0,1,0,1,0,0,1,1,0,0,1,1,0,0,1,1,1,0,0,0,1,0,1,1,0,0,1,1,0,1,1,1,1,0,0,0,0,1,0,1,0,1,1,0,0,0,1,0,1,1,0,1,0,1,0,1,0,1,1,1,1,0,0,0,0,1,0,1,0,1,1,1,0,1,1,0,0
1362,0,0,0,1,1,0,1,1,0,0,1,1,0,1,0,0,1,1,0,0,0,1,1,1,0,0,1,0,1,0,1,0,1,0,1,1,0,1,0,1,0,0,0,1,1,1,0,0,1,1,1,0,0,0,1,0,1,0,1,0,1,1,1,1,0,0,0,1,0,1,0,1,1,0,0,1,0,0,1
1371,0,0,0,1,0,1,1,0,1,1,0,1,0,0,1,0,1,1,0,0,0,1,1,0,1,1,0,0,1,1,0,0,0,1,1,1,1,0,0,1,1,1,0,0,0,0,1,1,0,0,0,1,1,1,0,1,0,1,0,0,0,0,1,1,1,1,0,1,0,0,0,1,1,1,1,1,1,0,1
1380,0,0,1,0,0,1,0,0,1,0,1,0,1,1,0,1,0,1,1,1,0,0,0,0,0,1,1,0,1,0,1,0,0,0,0,1,1,1,1,0,0,0,1,1,1,1,0,0,1,1,0,0,1,0,0,1,1,1,0,1,0,0,0,0,1,1,1,0,0,1,1,1,1,0,0,0,1,0,0
1390,0,0,1,0,1,0,0,0,1,1,0,1,0,1,0,1,0,1,0,0,0,1,1,1,1,0,0,0,1,0,1,0,0,0,0,1,1,1,1,0,0,0,1,0,1,1,1,1,0,1,0,0,1,0,0,1,1,1,0,1,0,1,1,0,1,0,0,1,0,1,0,0,1,0,0,0,1,1,1
1328,0,0,1,0,0,1,0,1,0,0,1,0,1,1,0,1,0,1,1,1,0,0,0,1,0,0,1,1,0,0,1,1,0,1,0,0,1,0,1,0,0,0,1,0,1,1,1,0,1,0,1,1,0,1,1,0,0,0,1,1,1,1,0,0,0,0,1,0,0,1,1,0,1,0,0,1,0,1,0
1346,0,0,0,1,1,0,0,0,1,1,0,0,1,0,1,0,1,0,0,0,1,1,1,0,1,1,0,1,0,1,0,0,1,1,1,1,0,0,0,1,1,1,0,1,0,0,0,1,0,0,0,1,1,1,0,1,0,1,0,0,0,0,1,1,1,1,0,1,1,0,0,1,0,1,1,1,0,0,1
1347,0,0,0,1,0,1,1,1,0,0,1,1,0,1,0,1,0,0,1,1,1,0,0,1,0,0,1,1,0,0,1,1,0,1,0,0,1,0,1,0,0,0,1,0,1,1,1,0,1,0,1,1,0,0,1,0,1,0,1,1,1,1,0,0,0,0,1,0,1,1,1,0,0,0,0,1,0,1,0
1402,0,0,0,1,0,1,0,1,0,1,0,0,1,1,0,1,0,0,0,1,1,1,0,0,0,1,1,1,0,0,1,0,1,1,0,1,0,0,1,0,0,0,1,0,1,1,1,0,1,0,0,1,1,1,1,0,0,0,1,1,0,1,0,0,1,0,1,0,1,1,1,0,0,0,0,1,0,1,1
1385,0,0,1,0,1,0,1,0,1,0,1,1,0,0,1,0,1,0,0,0,1,1,1,0,1,1,0,0,1,1,0,0,0,0,1,1,1,1,0,1,1,1,0,0,0,0,1,1,0,1,0,0,1,0,0,1,1,1,0,0,0,0,1,1,1,1,0,1,0,0,0,1,1,1,1,0,1,0,1
1405,0,0,1,0,1,0,1,0,1,0,1,1,0,1,0,1,0,0,1,1,1,0,0,1,1,0,0,1,0,1,0,1,1,1,0,0,0,0,1,0,1,0,1,1,0,1,0,0,1,0,0,1,1,0,0,1,1,1,0,0,1,0,1,1,0,1,0,1,0,0,0,0,1,1,1,1,0,1,1
1352,0,0,1,0,1,0,0,1,0,1,0,1,0,0,1,0,1,0,0,0,1,1,1,0,1,1,0,1,0,1,0,0,0,0,1,1,1,1,0,1,1,0,0,1,0,1,0,1,0,1,0,0,1,0,1,1,1,0,0,0,0,1,1,1,1,0,0,0,0,0,1,1,1,1,1,0,0,0,1
1406,1,0,0,1,1,0,0,0,1,1,0,0,1,0,1,0,1,0,0,0,1,1,1,0,1,1,0,0,1,1,0,0,1,0,1,1,0,1,0,1,1,0,0,1,0,1,0,1,0,1,1,0,0,1,0,1,0,1,0,0,0,0,1,1,1,1,0,1,1,0,0,1,0,1,1,0,1,0,1
1479,0,0,0,1,0,1,1,0,1,0,1,0,1,1,0,1,0,0,1,1,1,0,0,1,0,0,1,1,0,0,1,1,1,1,0,0,0,0,1,0,0,0,1,0,1,1,1,1,0,0,1,1,0,1,0,0,0,1,1,1,1,1,0,0,0,0,1,1,1,1,0,0,0,0,0,1,1,1,0
1417,0,0,1,0,0,1,0,0,1,1,0,0,1,1,0,1,0,0,1,0,1,0,1,0,1,1,0,0,1,1,0,1,0,1,1,0,1,0,0,0,1,1,1,0,0,0,1,1,0,1,1,0,0,1,0,0,0,1,1,1,0,0,0,0,1,1,1,1,1,1,0,0,0,1,0,1,1,1,1
1435,0,0,0,1,1,0,0,0,1,0,1,0,1,1,0,1,0,0,1,0,1,0,1,0,1,1,0,0,1,1,0,1,1,1,0,0,0,0,1,0,0,0,1,0,1,1,1,1,0,1,0,0,1,1,0,0,0,1,1,1,0,0,1,0,1,1,0,1,0,1,0,0,1,1,0,1,1,1,1
1480,0,0,1,0,1,0,0,0,1,1,0,0,1,0,1,0,1,1,0,0,0,1,1,0,1,1,0,0,1,1,0,0,1,0,1,1,0,1,0,1,1,1,0,1,0,0,0,1,0,1,0,0,1,1,0,1,0,1,0,0,0,0,1,1,1,1,0,1,1,0,0,1,0,1,1,1,1,0,1
1409,0,0,0,1,1,0,1,0,1,0,1,1,0,1,0,1,0,1,1,1,0,0,0,1,1,0,0,0,1,0,1,1,0,1,0,0,1,0,1,0,0,0,1,0,1,1,1,1,0,0,1,1,0,0,0,0,1,1,1,1,0,1,0,0,1,0,1,1,0,1,0,0,1,0,0,0,1,1,0
1454,1,0,1,0,1,0,0,1,0,0,1,1,0,0,1,0,1,0,0,1,1,1,0,1,1,0,0,0,1,1,0,0,0,0,1,1,1,1,0,1,1,1,0,0,0,0,1,1,0,1,0,0,1,0,1,1,1,0,0,1,0,0,1,0,1,1,0,1,0,1,0,1,1,0,0,0,1,0,0
1463,0,0,1,0,0,1,0,0,1,1,0,1,0,0,1,0,1,1,0,0,0,1,1,0,1,1,0,0,1,1,0,0,0,0,1,1,1,1,0,1,1,1,0,0,0,0,1,1,0,1,1,0,0,0,0,1,1,1,0,0,0,0,1,1,1,1,0,1,1,0,0,1,0,1,1,0,1,0,1
1472,1,1,1,0,1,0,1,0,1,1,0,1,0,0,1,0,1,0,0,0,1,1,1,0,1,1,0,0,1,1,0,0,0,0,1,1,1,1,0,1,1,1,0,1,0,0,0,1,0,1,0,0,1,0,0,1,1,1,0,0,0,0,1,1,1,1,0,1,0,0,0,1,1,1,1,0,1,0,1
1481,0,0,1,0,1,0,0,1,0,0,1,0,1,1,0,1,0,1,1,1,0,0,0,1,0,0,1,1,0,0,1,1,0,1,0,0,1,0,1,0,0,0,1,0,1,1,1,0,1,1,1,0,0,1,1,0,0,0,1,1,1,1,0,0,0,0,1,0,0,1,1,0,1,0,0,1,0,1,0
1410,0,0,0,1,1,0,1,0,1,1,0,1,0,0,1,0,1,1,0,0,0,1,1,0,1,1,0,1,0,1,0,0,1,0,0,1,0,1,1,1,1,0,0,1,0,1,0,1,0,0,0,1,1,0,0,1,1,1,0,0,0,1,1,1,1,0,0,1,1,0,0,1,0,1,1,1,1,0,1
1419,0,0,1,0,0,1,0,0,1,1,0,0,1,0,1,1,0,1,1,0,0,0,1,0,1,1,0,0,1,1,0,1,1,0,1,0,0,1,0,0,1,0,1,1,0,1,0,1,0,1,0,0,1,0,0,1,1,1,0,0,0,0,1,1,1,1,0,1,0,0,0,1,1,1,1,0,1,0,1
1455,0,0,1,0,1,0,1,1,0,0,1,1,0,1,0,0,1,1,0,1,0,1,0,1,0,0,1,0,1,1,0,0,0,0,1,1,1,1,0,1,1,1,0,1,0,0,0,0,1,1,0,0,1,0,1,0,1,0,1,0,1,0,1,1,0,1,0,0,0,0,1,1,1,1,1,0,1,0,1
1464,0,0,1,0,1,0,1,1,0,1,0,1,0,0,1,0,1,0,1,1,1,0,0,1,0,0,1,0,1,0,1,1,0,0,1,0,1,1,0,1,1,1,0,1,0,0,0,1,0,1,0,0,1,0,1,1,1,0,0,0,1,0,1,1,0,1,0,0,0,0,1,1,1,0,1,0,0,0,1
1482,1,0,1,0,0,1,0,1,0,0,1,1,0,0,1,0,1,0,0,1,1,1,0,1,0,0,1,0,1,1,0,1,0,0,1,0,1,1,0,1,1,1,0,1,0,0,0,1,0,1,1,0,0,0,1,0,1,0,1,0,1,0,0,1,0,1,1,0,1,1,1,1,0,0,0,0,0,0,0
1420,0,0,1,0,0,1,1,0,1,0,1,1,0,1,0,1,0,0,0,1,1,1,0,1,1,0,0,0,1,1,0,1,0,0,1,0,1,1,0,0,0,1,1,1,1,0,0,1,0,1,1,0,0,0,0,0,1,1,1,0,1,0,0,1,0,1,1,1,1,1,0,1,0,0,0,0,1,0,0
1429,0,0,0,1,1,0,0,0,1,1,0,1,0,1,0,1,0,0,1,0,1,0,1,0,1,1,0,1,0,0,1,0,0,0,0,1,1,1,1,0,0,0,1,1,1,1,0,0,1,0,1,1,0,0,0,0,1,1,1,1,0,1,0,0,1,0,1,1,1,0,0,0,0,1,1,0,1,1,0
1447,0,0,0,1,1,0,0,1,0,1,0,1,0,0,1,0,1,1,0,0,0,1,1,0,0,1,1,1,0,1,0,0,1,0,1,1,0,1,0,1,1,1,0,0,0,0,1,1,0,0,0,1,1,1,1,1,0,0,0,0,0,0,1,1,1,1,0,0,0,0,1,1,1,1,1,1,0,0,1
1474,0,0,1,0,0,1,1,0,1,1,0,1,0,0,1,0,1,0,1,0,1,0,1,0,1,1,0,0,1,0,1,1,0,1,1,0,1,0,0,1,0,1,0,1,1,0,0,1,0,1,0,0,1,1,0,1,0,1,0,0,0,1,1,1,1,0,0,1,0,0,0,1,1,1,1,1,1,0,1
1430,0,0,0,1,0,1,1,1,0,1,0,1,0,0,1,0,1,0,1,1,1,0,0,1,0,0,1,1,0,1,0,1,0,1,1,0,1,0,0,1,1,1,0,0,0,0,1,1,0,0,1,1,0,0,1,1,1,0,0,0,0,0,1,1,1,1,0,0,1,0,1,0,0,1,1,1,0,1,1
1457,0,0,0,1,0,1,1,0,1,1,0,1,0,0,1,0,1,1,1,0,0,0,1,0,1,1,0,0,1,0,1,1,1,1,1,0,0,0,0,1,0,0,0,1,1,1,0,0,1,0,1,1,0,0,0,1,1,1,0,1,1,1,1,0,0,0,0,1,0,0,0,1,1,1,1,0,1,0,1
1475,0,0,1,0,1,0,0,0,1,1,0,1,0,0,1,0,1,1,0,0,0,1,1,0,1,1,0,0,1,1,0,0,0,0,1,1,1,1,0,1,1,1,0,1,0,0,0,1,0,1,1,0,0,0,0,1,1,1,0,0,0,0,1,1,1,1,0,1,0,0,0,1,1,1,1,0,1,0,1
1422,0,0,0,1,0,1,0,1,0,0,1,1,0,1,0,1,0,1,1,1,0,0,0,1,0,0,1,1,0,0,1,1,0,0,0,0,1,1,1,0,0,0,1,0,1,1,1,1,0,1,1,0,0,0,1,0,1,0,1,1,0,1,0,0,1,0,1,0,1,1,1,0,0,0,0,0,0,1,0
1440,0,0,1,0,1,0,1,0,1,1,0,0,1,0,1,0,1,0,0,0,1,1,1,0,1,1,0,0,1,1,0,0,0,0,1,1,1,1,0,1,1,1,0,1,0,0,0,1,0,1,0,0,1,1,0,1,0,1,0,0,0,0,1,1,1,1,0,1,0,0,0,1,1,1,1,0,1,0,1
1449,0,0,0,1,1,0,1,1,0,0,1,0,1,0,1,1,0,0,0,0,1,1,1,1,0,0,1,0,1,1,0,0,1,0,1,1,0,1,0,1,1,1,0,1,0,0,0,1,0,0,1,1,0,1,1,1,0,0,0,1,0,0,1,0,1,1,0,0,1,1,1,1,0,1,0,0,0,0,0
1458,1,0,0,1,1,0,1,0,1,1,0,1,0,0,1,0,1,0,0,0,1,1,1,0,1,1,0,0,1,1,0,0,1,0,1,1,0,1,0,1,1,1,0,0,0,0,1,1,0,1,0,0,1,1,0,1,0,1,0,0,0,0,1,1,1,1,0,1,0,0,0,1,1,1,1,0,1,0,1
1467,0,0,1,0,0,1,0,0,1,1,0,0,1,0,1,0,1,0,1,0,1,0,1,0,1,1,0,0,1,1,0,1,0,0,1,0,1,1,0,1,1,1,0,1,0,0,0,1,0,1,1,0,0,0,0,1,1,1,0,0,1,0,0,1,0,1,1,1,0,0,0,0,1,1,1,0,1,1,1
1432,0,0,0,1,1,0,0,0,1,1,0,0,1,0,1,0,1,0,0,0,1,1,1,0,1,1,0,0,1,1,0,0,1,0,1,1,0,1,0,1,1,1,0,1,0,0,0,1,0,0,0,1,1,1,0,1,0,1,0,0,0,0,1,1,1,1,0,1,0,0,0,1,1,1,1,0,1,0,1
1441,0,0,1,0,1,0,0,1,0,0,1,1,0,1,0,0,1,0,0,1,1,1,0,1,0,0,1,1,0,0,1,0,0,0,0,1,1,1,1,1,1,0,0,1,0,1,0,0,1,1,0,0,1,0,1,0,1,0,1,1,0,0,1,0,1,1,0,0,1,1,1,1,0,0,0,0,0,0,1
1450,0,0,1,0,0,1,0,0,1,0,1,0,1,1,0,1,0,0,1,1,1,0,0,1,1,0,0,0,1,0,1,1,1,1,0,0,0,0,1,0,0,0,1,1,1,1,0,0,1,0,1,1,0,1,0,0,0,1,1,1,1,1,0,0,0,0,1,1,0,1,0,0,1,1,0,0,1,1,0
1477,0,0,0,1,0,1,1,0,1,0,1,0,1,1,0,1,0,0,1,0,1,0,1,1,1,0,0,1,0,0,1,1,1,1,0,0,0,0,1,0,0,0,1,0,1,1,1,1,0,0,1,1,0,1,0,0,0,1,1,1,0,1,0,0,1,0,1,0,1,1,1,1,0,0,0,1,0,0,0
1460,0,0,1,0,0,1,1,1,0,0,1,1,0,1,0,1,0,0,1,1,1,0,0,1,0,0,1,0,1,0,1,1,0,0,0,0,1,1,1,0,0,0,1,0,1,1,1,1,0,1,1,0,0,0,1,0,1,0,1,1,0,1,0,0,1,0,1,0,1,1,1,0,0,0,0,0,1,1,0
1478,0,0,0,1,0,1,1,1,0,0,1,0,1,1,0,1,0,0,1,1,1,0,0,1,0,0,1,1,0,0,1,1,0,1,0,0,1,0,1,0,0,0,1,1,1,1,0,0,1,1,1,0,0,1,1,0,0,0,1,1,1,1,0,0,0,0,1,0,0,1,1,0,1,0,0,1,0,1,0
1516,0,0,0,1,0,1,0,1,0,0,1,0,1,1,0,0,1,0,0,1,1,1,0,1,0,0,1,1,0,0,1,1,0,0,1,0,1,1,0,1,0,1,0,1,1,0,0,1,0,0,1,1,0,1,1,0,0,0,1,1,0,1,0,0,1,0,1,0,1,1,1,0,0,0,0,1,0,1,0
1508,1,0,1,0,0,1,1,1,0,0,1,1,0,1,0,1,0,0,1,1,1,0,0,1,1,0,0,0,1,0,1,1,0,1,0,0,1,0,1,0,1,1,1,1,0,0,0,0,1,0,0,1,1,0,1,0,1,0,1,1,1,0,0,0,0,1,1,0,0,1,1,0,1,0,0,1,1,1,0
1500,0,0,1,0,1,0,0,0,1,1,0,1,0,0,1,0,1,0,0,0,1,1,1,0,1,1,0,0,1,1,0,0,0,0,1,1,1,1,0,1,1,1,0,1,0,0,0,1,0,1,0,0,1,0,0,1,1,1,0,0,0,0,1,1,1,1,0,1,0,0,0,1,1,1,1,0,1,0,1
1510,0,0,0,1,1,0,0,1,0,0,1,1,0,1,0,0,1,0,0,1,1,1,0,1,0,0,1,0,1,1,0,1,1,0,0,0,0,1,1,1,1,1,0,1,0,0,0,0,1,1,1,0,0,0,1,0,1,0,1,0,1,0,0,1,0,1,1,0,1,1,1,1,0,0,0,0,1,0,0
1502,1,1,1,0,0,1,0,1,0,0,1,1,0,1,0,1,0,1,1,1,0,0,0,1,0,0,1,1,0,0,1,1,0,0,0,0,1,1,1,0,0,0,1,0,1,1,1,0,1,1,1,0,0,0,1,0,1,0,1,0,1,0,0,1,0,1,1,0,1,1,1,0,0,0,0,0,0,1,0
1495,0,0,0,1,0,1,0,0,1,1,0,0,1,1,0,1,0,1,1,0,0,0,1,1,1,0,0,0,1,1,0,1,1,0,1,0,0,1,0,1,1,0,0,1,0,1,0,0,1,0,1,1,0,1,0,1,0,1,0,0,1,0,1,1,0,1,0,1,1,1,0,0,0,1,0,0,1,1,1
1496,0,0,0,1,0,1,1,0,1,0,1,1,0,1,0,1,0,0,1,1,1,0,0,1,1,0,0,0,1,0,1,1,1,1,0,0,0,0,1,0,0,1,1,1,1,0,0,1,0,0,1,1,0,1,0,1,0,1,0,0,1,1,0,1,0,0,1,1,1,1,0,0,0,0,0,1,1,1,0
1505,0,0,0,1,0,1,0,0,1,0,1,0,1,1,0,0,1,1,0,1,0,1,0,1,0,0,1,0,1,0,1,0,0,1,1,1,1,0,0,1,0,0,0,0,1,1,1,1,0,0,1,1,0,1,1,1,0,0,0,0,1,1,1,1,0,0,0,1,0,1,0,0,1,0,0,1,1,1,0
1506,0,1,0,1,0,1,1,1,0,0,1,0,1,1,0,1,0,1,1,1,0,0,0,1,0,0,1,1,0,0,1,1,1,1,0,0,0,0,1,0,0,0,1,0,1,1,1,0,1,1,1,0,0,1,1,0,0,0,1,0,1,1,0,1,0,0,1,0,0,1,1,0,1,0,0,0,0,1,0
1524,0,0,1,0,1,0,0,0,1,0,1,0,1,0,1,1,0,0,1,1,1,0,0,0,1,1,0,0,1,0,1,1,0,0,0,0,1,1,1,0,1,0,1,1,0,1,0,1,0,0,0,1,1,1,0,0,0,1,1,1,1,0,0,0,0,1,1,1,0,1,0,0,1,0,0,0,1,1,1
