Patient_ID,gene_P1_CHEK2_SNP,gene_P1_ATM_SNP,lip_P1_DG_DG(18:1_18:2)_high,lip_P1_DG_DG(16:0_22:6)_low,lip_P1_DG_DG(18:1_18:2)_low,lip_P1_DG_DG(16:0_22:6)_high,lip_P1_DG_DG(18:2_20:4)_high,lip_P1_DG_DG(18:2_20:4)_low,lip_P1_DG_DG(18:1_20:3)_high,lip_P1_DG_DG(18:1_20:3)_low,lip_P1_DG_DG(18:2_22:6)_high,lip_P1_DG_DG(16:1_18:1)_high,lip_P1_DG_DG(18:2_22:6)_low,lip_P1_DG_DG(16:1_18:1)_low,lip_P1_DG_DG(18:0_20:4)_low,lip_P1_DG_DG(14:0_16:0)_high
1028,0,0,0,1,1,0,0,1,0,1,0,0,1,1,1,0
1066,0,0,1,1,0,0,0,1,0,1,0,0,1,1,1,0
1040,0,0,1,1,0,0,0,1,0,1,0,0,1,1,1,1
1058,1,0,0,1,1,0,0,1,0,1,0,0,1,1,1,0
1059,0,0,1,0,0,1,0,1,1,0,1,1,0,0,0,1
1015,0,0,1,0,0,1,1,0,1,0,1,0,0,1,0,1
1080,0,0,1,0,0,1,1,0,1,0,0,1,1,0,0,1
1054,0,0,0,0,1,1,0,1,0,1,1,0,0,1,1,1
1072,0,0,0,0,1,1,0,1,1,0,1,1,0,0,1,1
1084,0,0,0,0,1,1,0,1,0,1,1,0,0,1,1,0
1120,0,0,1,0,0,1,1,0,0,1,1,0,0,1,1,0
1129,0,0,1,1,0,0,1,0,0,1,0,1,1,0,1,1
1104,0,0,0,0,1,1,1,0,1,0,1,0,0,1,0,0
1113,0,0,0,1,1,0,0,1,0,1,0,0,1,1,1,0
1122,0,0,1,1,0,0,0,1,0,1,0,0,1,1,1,0
1096,0,0,1,0,0,1,0,1,0,1,1,0,0,1,0,1
1159,0,0,0,0,1,1,0,1,0,1,1,0,0,1,1,0
1088,0,0,1,0,0,1,1,0,1,0,1,1,0,0,0,1
1142,0,0,1,0,0,1,1,0,1,0,1,1,0,0,0,1
1098,0,0,0,1,1,0,0,1,0,1,0,0,1,1,1,0
1163,0,0,0,1,1,0,0,1,0,1,0,0,1,1,1,0
1182,0,0,1,0,0,1,1,0,1,0,1,1,0,0,0,1
1191,0,0,0,1,1,0,0,1,1,0,0,1,1,0,1,1
1183,0,0,0,1,1,0,1,0,1,0,0,0,1,1,1,0
1175,0,0,1,1,0,0,0,1,0,1,0,1,1,0,0,1
1184,0,0,0,1,1,0,0,1,0,1,0,0,1,1,0,1
1185,0,0,1,0,0,1,1,0,1,0,0,1,1,0,0,1
1212,0,0,1,1,0,0,1,0,0,1,0,1,1,0,0,1
1177,0,0,0,0,1,1,0,1,1,0,1,0,0,1,0,0
1170,0,0,0,1,1,0,0,1,0,1,0,0,1,1,1,0
1197,0,0,1,0,0,1,1,0,1,0,1,1,0,0,0,1
1242,0,0,0,1,1,0,0,1,0,1,0,0,1,1,1,0
1234,0,1,1,1,0,0,1,0,1,0,0,0,1,1,1,0
1243,0,0,0,1,1,0,1,0,0,1,1,0,0,1,1,0
1291,0,0,0,1,1,0,0,1,0,1,0,0,1,1,1,1
1292,0,0,1,0,0,1,1,0,1,0,1,1,0,0,0,1
1248,0,0,0,0,1,1,0,1,0,1,1,0,0,1,1,0
1284,0,0,1,0,0,1,1,0,1,0,1,1,0,0,0,0
1302,0,0,1,1,0,0,0,1,1,0,0,1,1,0,0,1
1276,1,0,0,0,1,1,0,1,0,1,1,0,0,1,1,0
1285,0,0,0,1,1,0,1,0,1,0,0,0,1,1,1,1
1303,0,0,0,1,1,0,0,1,0,1,0,0,1,1,1,0
1321,1,0,1,0,0,1,1,0,1,0,1,1,0,0,0,1
1304,0,0,1,1,0,0,1,0,1,0,1,0,0,1,0,0
1313,0,0,0,0,1,1,0,1,0,1,0,0,1,1,1,0
1305,0,1,0,1,1,0,0,1,0,1,1,0,0,1,1,0
1288,0,0,0,1,1,0,1,0,1,0,0,0,1,1,1,0
1306,0,0,0,0,1,1,0,1,0,1,1,0,0,1,1,0
1315,0,0,1,0,0,1,1,0,1,0,1,1,0,0,0,0
1398,0,1,1,1,0,0,1,0,1,0,0,0,1,1,0,0
1399,0,0,0,0,1,1,0,1,0,1,1,0,0,1,1,0
1337,0,0,0,0,1,1,1,0,1,0,1,0,0,1,0,0
1383,0,0,0,1,1,0,0,1,1,0,0,0,1,1,1,0
1376,0,0,0,0,1,1,0,1,1,0,0,1,1,0,1,0
1333,0,0,1,1,0,0,0,1,0,1,0,0,1,1,0,1
1434,0,0,0,1,1,0,0,1,0,1,0,0,1,1,1,0
1452,0,0,0,0,1,1,1,0,0,1,0,0,1,1,0,0
1470,0,0,0,0,1,1,1,0,0,1,1,0,0,1,0,1
1444,0,0,0,1,1,0,0,1,0,1,0,0,1,1,1,0
1427,0,1,1,1,0,0,0,1,0,1,0,0,1,1,1,0
1448,0,0,1,0,0,1,1,0,1,0,1,1,0,0,0,1
1466,0,0,1,0,0,1,0,1,0,1,1,0,0,1,0,1
1485,0,0,0,1,1,0,0,1,0,1,0,0,1,1,1,1
1414,0,0,0,1,1,0,0,1,0,1,1,0,0,1,1,0
1415,0,1,0,1,1,0,0,1,0,1,0,0,1,1,0,0
1492,0,0,1,0,0,1,1,0,1,0,1,1,0,0,0,1
1530,0,0,1,1,0,0,0,1,0,1,1,0,0,1,1,0
1531,0,0,0,1,1,0,0,1,0,1,0,0,1,1,1,1
1522,0,0,1,0,0,1,1,0,1,0,1,1,0,0,0,1
1514,0,0,0,1,1,0,0,1,0,1,0,0,1,1,1,0
1497,0,0,1,0,0,1,1,0,1,0,1,0,0,1,0,1
